ID,duration,mix_wav,mix_wav_format,mix_wav_opts,s1_wav,s1_wav_format,s1_wav_opts,s2_wav,s2_wav_format,s2_wav_opts,noise_wav,noise_wav_format,noise_wav_opts
0,1.0,D:/Document/SDH/XuLyTinHieuSoNangCao/LibriMix/storage_dir/Libri2Mix\wav8k/min/train-100\mix_clean/103-1241-0010_7148-82991-0029.wav,wav,,D:/Document/SDH/XuLyTinHieuSoNangCao/LibriMix/storage_dir/Libri2Mix\wav8k/min/train-100\s1/103-1241-0010_7148-82991-0029.wav,wav,,D:/Document/SDH/XuLyTinHieuSoNangCao/LibriMix/storage_dir/Libri2Mix\wav8k/min/train-100\s2/103-1241-0010_7148-82991-0029.wav,wav,,D:/Document/SDH/XuLyTinHieuSoNangCao/LibriMix/storage_dir/Libri2Mix\wav8k/min/train-100\noise/103-1241-0010_7148-82991-0029.wav,wav,
1,1.0,D:/Document/SDH/XuLyTinHieuSoNangCao/LibriMix/storage_dir/Libri2Mix\wav8k/min/train-100\mix_clean/103-1241-0022_4788-91208-0028.wav,wav,,D:/Document/SDH/XuLyTinHieuSoNangCao/LibriMix/storage_dir/Libri2Mix\wav8k/min/train-100\s1/103-1241-0022_4788-91208-0028.wav,wav,,D:/Document/SDH/XuLyTinHieuSoNangCao/LibriMix/storage_dir/Libri2Mix\wav8k/min/train-100\s2/103-1241-0022_4788-91208-0028.wav,wav,,D:/Document/SDH/XuLyTinHieuSoNangCao/LibriMix/storage_dir/Libri2Mix\wav8k/min/train-100\noise/103-1241-0022_4788-91208-0028.wav,wav,
2,1.0,D:/Document/SDH/XuLyTinHieuSoNangCao/LibriMix/storage_dir/Libri2Mix\wav8k/min/train-100\mix_clean/1081-128618-0001_8123-275216-0010.wav,wav,,D:/Document/SDH/XuLyTinHieuSoNangCao/LibriMix/storage_dir/Libri2Mix\wav8k/min/train-100\s1/1081-128618-0001_8123-275216-0010.wav,wav,,D:/Document/SDH/XuLyTinHieuSoNangCao/LibriMix/storage_dir/Libri2Mix\wav8k/min/train-100\s2/1081-128618-0001_8123-275216-0010.wav,wav,,D:/Document/SDH/XuLyTinHieuSoNangCao/LibriMix/storage_dir/Libri2Mix\wav8k/min/train-100\noise/1081-128618-0001_8123-275216-0010.wav,wav,
3,1.0,D:/Document/SDH/XuLyTinHieuSoNangCao/LibriMix/storage_dir/Libri2Mix\wav8k/min/train-100\mix_clean/1088-134315-0038_5390-30102-0018.wav,wav,,D:/Document/SDH/XuLyTinHieuSoNangCao/LibriMix/storage_dir/Libri2Mix\wav8k/min/train-100\s1/1088-134315-0038_5390-30102-0018.wav,wav,,D:/Document/SDH/XuLyTinHieuSoNangCao/LibriMix/storage_dir/Libri2Mix\wav8k/min/train-100\s2/1088-134315-0038_5390-30102-0018.wav,wav,,D:/Document/SDH/XuLyTinHieuSoNangCao/LibriMix/storage_dir/Libri2Mix\wav8k/min/train-100\noise/1088-134315-0038_5390-30102-0018.wav,wav,
4,1.0,D:/Document/SDH/XuLyTinHieuSoNangCao/LibriMix/storage_dir/Libri2Mix\wav8k/min/train-100\mix_clean/1116-132847-0019_5163-18515-0024.wav,wav,,D:/Document/SDH/XuLyTinHieuSoNangCao/LibriMix/storage_dir/Libri2Mix\wav8k/min/train-100\s1/1116-132847-0019_5163-18515-0024.wav,wav,,D:/Document/SDH/XuLyTinHieuSoNangCao/LibriMix/storage_dir/Libri2Mix\wav8k/min/train-100\s2/1116-132847-0019_5163-18515-0024.wav,wav,,D:/Document/SDH/XuLyTinHieuSoNangCao/LibriMix/storage_dir/Libri2Mix\wav8k/min/train-100\noise/1116-132847-0019_5163-18515-0024.wav,wav,
5,1.0,D:/Document/SDH/XuLyTinHieuSoNangCao/LibriMix/storage_dir/Libri2Mix\wav8k/min/train-100\mix_clean/118-121721-0027_1263-141777-0023.wav,wav,,D:/Document/SDH/XuLyTinHieuSoNangCao/LibriMix/storage_dir/Libri2Mix\wav8k/min/train-100\s1/118-121721-0027_1263-141777-0023.wav,wav,,D:/Document/SDH/XuLyTinHieuSoNangCao/LibriMix/storage_dir/Libri2Mix\wav8k/min/train-100\s2/118-121721-0027_1263-141777-0023.wav,wav,,D:/Document/SDH/XuLyTinHieuSoNangCao/LibriMix/storage_dir/Libri2Mix\wav8k/min/train-100\noise/118-121721-0027_1263-141777-0023.wav,wav,
6,1.0,D:/Document/SDH/XuLyTinHieuSoNangCao/LibriMix/storage_dir/Libri2Mix\wav8k/min/train-100\mix_clean/118-47824-0014_198-209-0019.wav,wav,,D:/Document/SDH/XuLyTinHieuSoNangCao/LibriMix/storage_dir/Libri2Mix\wav8k/min/train-100\s1/118-47824-0014_198-209-0019.wav,wav,,D:/Document/SDH/XuLyTinHieuSoNangCao/LibriMix/storage_dir/Libri2Mix\wav8k/min/train-100\s2/118-47824-0014_198-209-0019.wav,wav,,D:/Document/SDH/XuLyTinHieuSoNangCao/LibriMix/storage_dir/Libri2Mix\wav8k/min/train-100\noise/118-47824-0014_198-209-0019.wav,wav,
7,1.0,D:/Document/SDH/XuLyTinHieuSoNangCao/LibriMix/storage_dir/Libri2Mix\wav8k/min/train-100\mix_clean/1334-135589-0032_5808-48608-0034.wav,wav,,D:/Document/SDH/XuLyTinHieuSoNangCao/LibriMix/storage_dir/Libri2Mix\wav8k/min/train-100\s1/1334-135589-0032_5808-48608-0034.wav,wav,,D:/Document/SDH/XuLyTinHieuSoNangCao/LibriMix/storage_dir/Libri2Mix\wav8k/min/train-100\s2/1334-135589-0032_5808-48608-0034.wav,wav,,D:/Document/SDH/XuLyTinHieuSoNangCao/LibriMix/storage_dir/Libri2Mix\wav8k/min/train-100\noise/1334-135589-0032_5808-48608-0034.wav,wav,
8,1.0,D:/Document/SDH/XuLyTinHieuSoNangCao/LibriMix/storage_dir/Libri2Mix\wav8k/min/train-100\mix_clean/1502-122615-0038_5163-39921-0023.wav,wav,,D:/Document/SDH/XuLyTinHieuSoNangCao/LibriMix/storage_dir/Libri2Mix\wav8k/min/train-100\s1/1502-122615-0038_5163-39921-0023.wav,wav,,D:/Document/SDH/XuLyTinHieuSoNangCao/LibriMix/storage_dir/Libri2Mix\wav8k/min/train-100\s2/1502-122615-0038_5163-39921-0023.wav,wav,,D:/Document/SDH/XuLyTinHieuSoNangCao/LibriMix/storage_dir/Libri2Mix\wav8k/min/train-100\noise/1502-122615-0038_5163-39921-0023.wav,wav,
9,1.0,D:/Document/SDH/XuLyTinHieuSoNangCao/LibriMix/storage_dir/Libri2Mix\wav8k/min/train-100\mix_clean/1594-135914-0101_4267-72637-0019.wav,wav,,D:/Document/SDH/XuLyTinHieuSoNangCao/LibriMix/storage_dir/Libri2Mix\wav8k/min/train-100\s1/1594-135914-0101_4267-72637-0019.wav,wav,,D:/Document/SDH/XuLyTinHieuSoNangCao/LibriMix/storage_dir/Libri2Mix\wav8k/min/train-100\s2/1594-135914-0101_4267-72637-0019.wav,wav,,D:/Document/SDH/XuLyTinHieuSoNangCao/LibriMix/storage_dir/Libri2Mix\wav8k/min/train-100\noise/1594-135914-0101_4267-72637-0019.wav,wav,
10,1.0,D:/Document/SDH/XuLyTinHieuSoNangCao/LibriMix/storage_dir/Libri2Mix\wav8k/min/train-100\mix_clean/1737-142397-0034_3699-175950-0012.wav,wav,,D:/Document/SDH/XuLyTinHieuSoNangCao/LibriMix/storage_dir/Libri2Mix\wav8k/min/train-100\s1/1737-142397-0034_3699-175950-0012.wav,wav,,D:/Document/SDH/XuLyTinHieuSoNangCao/LibriMix/storage_dir/Libri2Mix\wav8k/min/train-100\s2/1737-142397-0034_3699-175950-0012.wav,wav,,D:/Document/SDH/XuLyTinHieuSoNangCao/LibriMix/storage_dir/Libri2Mix\wav8k/min/train-100\noise/1737-142397-0034_3699-175950-0012.wav,wav,
11,1.0,D:/Document/SDH/XuLyTinHieuSoNangCao/LibriMix/storage_dir/Libri2Mix\wav8k/min/train-100\mix_clean/1898-145724-0014_248-130697-0024.wav,wav,,D:/Document/SDH/XuLyTinHieuSoNangCao/LibriMix/storage_dir/Libri2Mix\wav8k/min/train-100\s1/1898-145724-0014_248-130697-0024.wav,wav,,D:/Document/SDH/XuLyTinHieuSoNangCao/LibriMix/storage_dir/Libri2Mix\wav8k/min/train-100\s2/1898-145724-0014_248-130697-0024.wav,wav,,D:/Document/SDH/XuLyTinHieuSoNangCao/LibriMix/storage_dir/Libri2Mix\wav8k/min/train-100\noise/1898-145724-0014_248-130697-0024.wav,wav,
12,1.0,D:/Document/SDH/XuLyTinHieuSoNangCao/LibriMix/storage_dir/Libri2Mix\wav8k/min/train-100\mix_clean/19-198-0004_7078-271888-0077.wav,wav,,D:/Document/SDH/XuLyTinHieuSoNangCao/LibriMix/storage_dir/Libri2Mix\wav8k/min/train-100\s1/19-198-0004_7078-271888-0077.wav,wav,,D:/Document/SDH/XuLyTinHieuSoNangCao/LibriMix/storage_dir/Libri2Mix\wav8k/min/train-100\s2/19-198-0004_7078-271888-0077.wav,wav,,D:/Document/SDH/XuLyTinHieuSoNangCao/LibriMix/storage_dir/Libri2Mix\wav8k/min/train-100\noise/19-198-0004_7078-271888-0077.wav,wav,
13,1.0,D:/Document/SDH/XuLyTinHieuSoNangCao/LibriMix/storage_dir/Libri2Mix\wav8k/min/train-100\mix_clean/1926-147987-0016_2384-152900-0006.wav,wav,,D:/Document/SDH/XuLyTinHieuSoNangCao/LibriMix/storage_dir/Libri2Mix\wav8k/min/train-100\s1/1926-147987-0016_2384-152900-0006.wav,wav,,D:/Document/SDH/XuLyTinHieuSoNangCao/LibriMix/storage_dir/Libri2Mix\wav8k/min/train-100\s2/1926-147987-0016_2384-152900-0006.wav,wav,,D:/Document/SDH/XuLyTinHieuSoNangCao/LibriMix/storage_dir/Libri2Mix\wav8k/min/train-100\noise/1926-147987-0016_2384-152900-0006.wav,wav,
14,1.0,D:/Document/SDH/XuLyTinHieuSoNangCao/LibriMix/storage_dir/Libri2Mix\wav8k/min/train-100\mix_clean/1992-141719-0039_4898-28461-0038.wav,wav,,D:/Document/SDH/XuLyTinHieuSoNangCao/LibriMix/storage_dir/Libri2Mix\wav8k/min/train-100\s1/1992-141719-0039_4898-28461-0038.wav,wav,,D:/Document/SDH/XuLyTinHieuSoNangCao/LibriMix/storage_dir/Libri2Mix\wav8k/min/train-100\s2/1992-141719-0039_4898-28461-0038.wav,wav,,D:/Document/SDH/XuLyTinHieuSoNangCao/LibriMix/storage_dir/Libri2Mix\wav8k/min/train-100\noise/1992-141719-0039_4898-28461-0038.wav,wav,
15,1.0,D:/Document/SDH/XuLyTinHieuSoNangCao/LibriMix/storage_dir/Libri2Mix\wav8k/min/train-100\mix_clean/2007-149877-0047_2092-145706-0058.wav,wav,,D:/Document/SDH/XuLyTinHieuSoNangCao/LibriMix/storage_dir/Libri2Mix\wav8k/min/train-100\s1/2007-149877-0047_2092-145706-0058.wav,wav,,D:/Document/SDH/XuLyTinHieuSoNangCao/LibriMix/storage_dir/Libri2Mix\wav8k/min/train-100\s2/2007-149877-0047_2092-145706-0058.wav,wav,,D:/Document/SDH/XuLyTinHieuSoNangCao/LibriMix/storage_dir/Libri2Mix\wav8k/min/train-100\noise/2007-149877-0047_2092-145706-0058.wav,wav,
16,1.0,D:/Document/SDH/XuLyTinHieuSoNangCao/LibriMix/storage_dir/Libri2Mix\wav8k/min/train-100\mix_clean/201-127786-0081_4898-28461-0022.wav,wav,,D:/Document/SDH/XuLyTinHieuSoNangCao/LibriMix/storage_dir/Libri2Mix\wav8k/min/train-100\s1/201-127786-0081_4898-28461-0022.wav,wav,,D:/Document/SDH/XuLyTinHieuSoNangCao/LibriMix/storage_dir/Libri2Mix\wav8k/min/train-100\s2/201-127786-0081_4898-28461-0022.wav,wav,,D:/Document/SDH/XuLyTinHieuSoNangCao/LibriMix/storage_dir/Libri2Mix\wav8k/min/train-100\noise/201-127786-0081_4898-28461-0022.wav,wav,
17,1.0,D:/Document/SDH/XuLyTinHieuSoNangCao/LibriMix/storage_dir/Libri2Mix\wav8k/min/train-100\mix_clean/2159-179157-0014_1034-121119-0069.wav,wav,,D:/Document/SDH/XuLyTinHieuSoNangCao/LibriMix/storage_dir/Libri2Mix\wav8k/min/train-100\s1/2159-179157-0014_1034-121119-0069.wav,wav,,D:/Document/SDH/XuLyTinHieuSoNangCao/LibriMix/storage_dir/Libri2Mix\wav8k/min/train-100\s2/2159-179157-0014_1034-121119-0069.wav,wav,,D:/Document/SDH/XuLyTinHieuSoNangCao/LibriMix/storage_dir/Libri2Mix\wav8k/min/train-100\noise/2159-179157-0014_1034-121119-0069.wav,wav,
18,1.0,D:/Document/SDH/XuLyTinHieuSoNangCao/LibriMix/storage_dir/Libri2Mix\wav8k/min/train-100\mix_clean/2196-174172-0018_5652-19215-0000.wav,wav,,D:/Document/SDH/XuLyTinHieuSoNangCao/LibriMix/storage_dir/Libri2Mix\wav8k/min/train-100\s1/2196-174172-0018_5652-19215-0000.wav,wav,,D:/Document/SDH/XuLyTinHieuSoNangCao/LibriMix/storage_dir/Libri2Mix\wav8k/min/train-100\s2/2196-174172-0018_5652-19215-0000.wav,wav,,D:/Document/SDH/XuLyTinHieuSoNangCao/LibriMix/storage_dir/Libri2Mix\wav8k/min/train-100\noise/2196-174172-0018_5652-19215-0000.wav,wav,
19,1.0,D:/Document/SDH/XuLyTinHieuSoNangCao/LibriMix/storage_dir/Libri2Mix\wav8k/min/train-100\mix_clean/233-134440-0020_1867-154075-0031.wav,wav,,D:/Document/SDH/XuLyTinHieuSoNangCao/LibriMix/storage_dir/Libri2Mix\wav8k/min/train-100\s1/233-134440-0020_1867-154075-0031.wav,wav,,D:/Document/SDH/XuLyTinHieuSoNangCao/LibriMix/storage_dir/Libri2Mix\wav8k/min/train-100\s2/233-134440-0020_1867-154075-0031.wav,wav,,D:/Document/SDH/XuLyTinHieuSoNangCao/LibriMix/storage_dir/Libri2Mix\wav8k/min/train-100\noise/233-134440-0020_1867-154075-0031.wav,wav,
20,1.0,D:/Document/SDH/XuLyTinHieuSoNangCao/LibriMix/storage_dir/Libri2Mix\wav8k/min/train-100\mix_clean/233-155990-0029_1867-154075-0039.wav,wav,,D:/Document/SDH/XuLyTinHieuSoNangCao/LibriMix/storage_dir/Libri2Mix\wav8k/min/train-100\s1/233-155990-0029_1867-154075-0039.wav,wav,,D:/Document/SDH/XuLyTinHieuSoNangCao/LibriMix/storage_dir/Libri2Mix\wav8k/min/train-100\s2/233-155990-0029_1867-154075-0039.wav,wav,,D:/Document/SDH/XuLyTinHieuSoNangCao/LibriMix/storage_dir/Libri2Mix\wav8k/min/train-100\noise/233-155990-0029_1867-154075-0039.wav,wav,
21,1.0,D:/Document/SDH/XuLyTinHieuSoNangCao/LibriMix/storage_dir/Libri2Mix\wav8k/min/train-100\mix_clean/233-155990-0043_2989-138028-0065.wav,wav,,D:/Document/SDH/XuLyTinHieuSoNangCao/LibriMix/storage_dir/Libri2Mix\wav8k/min/train-100\s1/233-155990-0043_2989-138028-0065.wav,wav,,D:/Document/SDH/XuLyTinHieuSoNangCao/LibriMix/storage_dir/Libri2Mix\wav8k/min/train-100\s2/233-155990-0043_2989-138028-0065.wav,wav,,D:/Document/SDH/XuLyTinHieuSoNangCao/LibriMix/storage_dir/Libri2Mix\wav8k/min/train-100\noise/233-155990-0043_2989-138028-0065.wav,wav,
22,1.0,D:/Document/SDH/XuLyTinHieuSoNangCao/LibriMix/storage_dir/Libri2Mix\wav8k/min/train-100\mix_clean/2416-152137-0003_2691-156755-0025.wav,wav,,D:/Document/SDH/XuLyTinHieuSoNangCao/LibriMix/storage_dir/Libri2Mix\wav8k/min/train-100\s1/2416-152137-0003_2691-156755-0025.wav,wav,,D:/Document/SDH/XuLyTinHieuSoNangCao/LibriMix/storage_dir/Libri2Mix\wav8k/min/train-100\s2/2416-152137-0003_2691-156755-0025.wav,wav,,D:/Document/SDH/XuLyTinHieuSoNangCao/LibriMix/storage_dir/Libri2Mix\wav8k/min/train-100\noise/2416-152137-0003_2691-156755-0025.wav,wav,
23,1.0,D:/Document/SDH/XuLyTinHieuSoNangCao/LibriMix/storage_dir/Libri2Mix\wav8k/min/train-100\mix_clean/2436-2481-0018_2691-156745-0006.wav,wav,,D:/Document/SDH/XuLyTinHieuSoNangCao/LibriMix/storage_dir/Libri2Mix\wav8k/min/train-100\s1/2436-2481-0018_2691-156745-0006.wav,wav,,D:/Document/SDH/XuLyTinHieuSoNangCao/LibriMix/storage_dir/Libri2Mix\wav8k/min/train-100\s2/2436-2481-0018_2691-156745-0006.wav,wav,,D:/Document/SDH/XuLyTinHieuSoNangCao/LibriMix/storage_dir/Libri2Mix\wav8k/min/train-100\noise/2436-2481-0018_2691-156745-0006.wav,wav,
24,1.0,D:/Document/SDH/XuLyTinHieuSoNangCao/LibriMix/storage_dir/Libri2Mix\wav8k/min/train-100\mix_clean/250-142276-0057_4481-17499-0019.wav,wav,,D:/Document/SDH/XuLyTinHieuSoNangCao/LibriMix/storage_dir/Libri2Mix\wav8k/min/train-100\s1/250-142276-0057_4481-17499-0019.wav,wav,,D:/Document/SDH/XuLyTinHieuSoNangCao/LibriMix/storage_dir/Libri2Mix\wav8k/min/train-100\s2/250-142276-0057_4481-17499-0019.wav,wav,,D:/Document/SDH/XuLyTinHieuSoNangCao/LibriMix/storage_dir/Libri2Mix\wav8k/min/train-100\noise/250-142276-0057_4481-17499-0019.wav,wav,
25,1.0,D:/Document/SDH/XuLyTinHieuSoNangCao/LibriMix/storage_dir/Libri2Mix\wav8k/min/train-100\mix_clean/27-123349-0053_2518-154825-0014.wav,wav,,D:/Document/SDH/XuLyTinHieuSoNangCao/LibriMix/storage_dir/Libri2Mix\wav8k/min/train-100\s1/27-123349-0053_2518-154825-0014.wav,wav,,D:/Document/SDH/XuLyTinHieuSoNangCao/LibriMix/storage_dir/Libri2Mix\wav8k/min/train-100\s2/27-123349-0053_2518-154825-0014.wav,wav,,D:/Document/SDH/XuLyTinHieuSoNangCao/LibriMix/storage_dir/Libri2Mix\wav8k/min/train-100\noise/27-123349-0053_2518-154825-0014.wav,wav,
26,1.0,D:/Document/SDH/XuLyTinHieuSoNangCao/LibriMix/storage_dir/Libri2Mix\wav8k/min/train-100\mix_clean/2764-36616-0005_1235-135883-0022.wav,wav,,D:/Document/SDH/XuLyTinHieuSoNangCao/LibriMix/storage_dir/Libri2Mix\wav8k/min/train-100\s1/2764-36616-0005_1235-135883-0022.wav,wav,,D:/Document/SDH/XuLyTinHieuSoNangCao/LibriMix/storage_dir/Libri2Mix\wav8k/min/train-100\s2/2764-36616-0005_1235-135883-0022.wav,wav,,D:/Document/SDH/XuLyTinHieuSoNangCao/LibriMix/storage_dir/Libri2Mix\wav8k/min/train-100\noise/2764-36616-0005_1235-135883-0022.wav,wav,
27,1.0,D:/Document/SDH/XuLyTinHieuSoNangCao/LibriMix/storage_dir/Libri2Mix\wav8k/min/train-100\mix_clean/2764-36619-0040_1355-39947-0030.wav,wav,,D:/Document/SDH/XuLyTinHieuSoNangCao/LibriMix/storage_dir/Libri2Mix\wav8k/min/train-100\s1/2764-36619-0040_1355-39947-0030.wav,wav,,D:/Document/SDH/XuLyTinHieuSoNangCao/LibriMix/storage_dir/Libri2Mix\wav8k/min/train-100\s2/2764-36619-0040_1355-39947-0030.wav,wav,,D:/Document/SDH/XuLyTinHieuSoNangCao/LibriMix/storage_dir/Libri2Mix\wav8k/min/train-100\noise/2764-36619-0040_1355-39947-0030.wav,wav,
28,1.0,D:/Document/SDH/XuLyTinHieuSoNangCao/LibriMix/storage_dir/Libri2Mix\wav8k/min/train-100\mix_clean/2817-142371-0020_5393-19218-0035.wav,wav,,D:/Document/SDH/XuLyTinHieuSoNangCao/LibriMix/storage_dir/Libri2Mix\wav8k/min/train-100\s1/2817-142371-0020_5393-19218-0035.wav,wav,,D:/Document/SDH/XuLyTinHieuSoNangCao/LibriMix/storage_dir/Libri2Mix\wav8k/min/train-100\s2/2817-142371-0020_5393-19218-0035.wav,wav,,D:/Document/SDH/XuLyTinHieuSoNangCao/LibriMix/storage_dir/Libri2Mix\wav8k/min/train-100\noise/2817-142371-0020_5393-19218-0035.wav,wav,
29,1.0,D:/Document/SDH/XuLyTinHieuSoNangCao/LibriMix/storage_dir/Libri2Mix\wav8k/min/train-100\mix_clean/2893-139322-0048_8609-283227-0022.wav,wav,,D:/Document/SDH/XuLyTinHieuSoNangCao/LibriMix/storage_dir/Libri2Mix\wav8k/min/train-100\s1/2893-139322-0048_8609-283227-0022.wav,wav,,D:/Document/SDH/XuLyTinHieuSoNangCao/LibriMix/storage_dir/Libri2Mix\wav8k/min/train-100\s2/2893-139322-0048_8609-283227-0022.wav,wav,,D:/Document/SDH/XuLyTinHieuSoNangCao/LibriMix/storage_dir/Libri2Mix\wav8k/min/train-100\noise/2893-139322-0048_8609-283227-0022.wav,wav,
30,1.0,D:/Document/SDH/XuLyTinHieuSoNangCao/LibriMix/storage_dir/Libri2Mix\wav8k/min/train-100\mix_clean/2989-138035-0040_5778-54535-0010.wav,wav,,D:/Document/SDH/XuLyTinHieuSoNangCao/LibriMix/storage_dir/Libri2Mix\wav8k/min/train-100\s1/2989-138035-0040_5778-54535-0010.wav,wav,,D:/Document/SDH/XuLyTinHieuSoNangCao/LibriMix/storage_dir/Libri2Mix\wav8k/min/train-100\s2/2989-138035-0040_5778-54535-0010.wav,wav,,D:/Document/SDH/XuLyTinHieuSoNangCao/LibriMix/storage_dir/Libri2Mix\wav8k/min/train-100\noise/2989-138035-0040_5778-54535-0010.wav,wav,
31,1.0,D:/Document/SDH/XuLyTinHieuSoNangCao/LibriMix/storage_dir/Libri2Mix\wav8k/min/train-100\mix_clean/302-123516-0024_3214-167607-0021.wav,wav,,D:/Document/SDH/XuLyTinHieuSoNangCao/LibriMix/storage_dir/Libri2Mix\wav8k/min/train-100\s1/302-123516-0024_3214-167607-0021.wav,wav,,D:/Document/SDH/XuLyTinHieuSoNangCao/LibriMix/storage_dir/Libri2Mix\wav8k/min/train-100\s2/302-123516-0024_3214-167607-0021.wav,wav,,D:/Document/SDH/XuLyTinHieuSoNangCao/LibriMix/storage_dir/Libri2Mix\wav8k/min/train-100\noise/302-123516-0024_3214-167607-0021.wav,wav,
32,1.0,D:/Document/SDH/XuLyTinHieuSoNangCao/LibriMix/storage_dir/Libri2Mix\wav8k/min/train-100\mix_clean/3112-9555-0076_3699-175950-0016.wav,wav,,D:/Document/SDH/XuLyTinHieuSoNangCao/LibriMix/storage_dir/Libri2Mix\wav8k/min/train-100\s1/3112-9555-0076_3699-175950-0016.wav,wav,,D:/Document/SDH/XuLyTinHieuSoNangCao/LibriMix/storage_dir/Libri2Mix\wav8k/min/train-100\s2/3112-9555-0076_3699-175950-0016.wav,wav,,D:/Document/SDH/XuLyTinHieuSoNangCao/LibriMix/storage_dir/Libri2Mix\wav8k/min/train-100\noise/3112-9555-0076_3699-175950-0016.wav,wav,
33,1.0,D:/Document/SDH/XuLyTinHieuSoNangCao/LibriMix/storage_dir/Libri2Mix\wav8k/min/train-100\mix_clean/3112-9555-0087_4088-158077-0036.wav,wav,,D:/Document/SDH/XuLyTinHieuSoNangCao/LibriMix/storage_dir/Libri2Mix\wav8k/min/train-100\s1/3112-9555-0087_4088-158077-0036.wav,wav,,D:/Document/SDH/XuLyTinHieuSoNangCao/LibriMix/storage_dir/Libri2Mix\wav8k/min/train-100\s2/3112-9555-0087_4088-158077-0036.wav,wav,,D:/Document/SDH/XuLyTinHieuSoNangCao/LibriMix/storage_dir/Libri2Mix\wav8k/min/train-100\noise/3112-9555-0087_4088-158077-0036.wav,wav,
34,1.0,D:/Document/SDH/XuLyTinHieuSoNangCao/LibriMix/storage_dir/Libri2Mix\wav8k/min/train-100\mix_clean/3168-173564-0020_7511-102420-0021.wav,wav,,D:/Document/SDH/XuLyTinHieuSoNangCao/LibriMix/storage_dir/Libri2Mix\wav8k/min/train-100\s1/3168-173564-0020_7511-102420-0021.wav,wav,,D:/Document/SDH/XuLyTinHieuSoNangCao/LibriMix/storage_dir/Libri2Mix\wav8k/min/train-100\s2/3168-173564-0020_7511-102420-0021.wav,wav,,D:/Document/SDH/XuLyTinHieuSoNangCao/LibriMix/storage_dir/Libri2Mix\wav8k/min/train-100\noise/3168-173564-0020_7511-102420-0021.wav,wav,
35,1.0,D:/Document/SDH/XuLyTinHieuSoNangCao/LibriMix/storage_dir/Libri2Mix\wav8k/min/train-100\mix_clean/3240-131231-0073_3857-180923-0013.wav,wav,,D:/Document/SDH/XuLyTinHieuSoNangCao/LibriMix/storage_dir/Libri2Mix\wav8k/min/train-100\s1/3240-131231-0073_3857-180923-0013.wav,wav,,D:/Document/SDH/XuLyTinHieuSoNangCao/LibriMix/storage_dir/Libri2Mix\wav8k/min/train-100\s2/3240-131231-0073_3857-180923-0013.wav,wav,,D:/Document/SDH/XuLyTinHieuSoNangCao/LibriMix/storage_dir/Libri2Mix\wav8k/min/train-100\noise/3240-131231-0073_3857-180923-0013.wav,wav,
36,1.0,D:/Document/SDH/XuLyTinHieuSoNangCao/LibriMix/storage_dir/Libri2Mix\wav8k/min/train-100\mix_clean/328-129766-0021_6563-63821-0027.wav,wav,,D:/Document/SDH/XuLyTinHieuSoNangCao/LibriMix/storage_dir/Libri2Mix\wav8k/min/train-100\s1/328-129766-0021_6563-63821-0027.wav,wav,,D:/Document/SDH/XuLyTinHieuSoNangCao/LibriMix/storage_dir/Libri2Mix\wav8k/min/train-100\s2/328-129766-0021_6563-63821-0027.wav,wav,,D:/Document/SDH/XuLyTinHieuSoNangCao/LibriMix/storage_dir/Libri2Mix\wav8k/min/train-100\noise/328-129766-0021_6563-63821-0027.wav,wav,
37,1.0,D:/Document/SDH/XuLyTinHieuSoNangCao/LibriMix/storage_dir/Libri2Mix\wav8k/min/train-100\mix_clean/3526-176653-0001_4362-15663-0082.wav,wav,,D:/Document/SDH/XuLyTinHieuSoNangCao/LibriMix/storage_dir/Libri2Mix\wav8k/min/train-100\s1/3526-176653-0001_4362-15663-0082.wav,wav,,D:/Document/SDH/XuLyTinHieuSoNangCao/LibriMix/storage_dir/Libri2Mix\wav8k/min/train-100\s2/3526-176653-0001_4362-15663-0082.wav,wav,,D:/Document/SDH/XuLyTinHieuSoNangCao/LibriMix/storage_dir/Libri2Mix\wav8k/min/train-100\noise/3526-176653-0001_4362-15663-0082.wav,wav,
38,1.0,D:/Document/SDH/XuLyTinHieuSoNangCao/LibriMix/storage_dir/Libri2Mix\wav8k/min/train-100\mix_clean/3607-135982-0037_460-172359-0038.wav,wav,,D:/Document/SDH/XuLyTinHieuSoNangCao/LibriMix/storage_dir/Libri2Mix\wav8k/min/train-100\s1/3607-135982-0037_460-172359-0038.wav,wav,,D:/Document/SDH/XuLyTinHieuSoNangCao/LibriMix/storage_dir/Libri2Mix\wav8k/min/train-100\s2/3607-135982-0037_460-172359-0038.wav,wav,,D:/Document/SDH/XuLyTinHieuSoNangCao/LibriMix/storage_dir/Libri2Mix\wav8k/min/train-100\noise/3607-135982-0037_460-172359-0038.wav,wav,
39,1.0,D:/Document/SDH/XuLyTinHieuSoNangCao/LibriMix/storage_dir/Libri2Mix\wav8k/min/train-100\mix_clean/3830-12530-0003_8629-261139-0019.wav,wav,,D:/Document/SDH/XuLyTinHieuSoNangCao/LibriMix/storage_dir/Libri2Mix\wav8k/min/train-100\s1/3830-12530-0003_8629-261139-0019.wav,wav,,D:/Document/SDH/XuLyTinHieuSoNangCao/LibriMix/storage_dir/Libri2Mix\wav8k/min/train-100\s2/3830-12530-0003_8629-261139-0019.wav,wav,,D:/Document/SDH/XuLyTinHieuSoNangCao/LibriMix/storage_dir/Libri2Mix\wav8k/min/train-100\noise/3830-12530-0003_8629-261139-0019.wav,wav,
40,1.0,D:/Document/SDH/XuLyTinHieuSoNangCao/LibriMix/storage_dir/Libri2Mix\wav8k/min/train-100\mix_clean/3830-12531-0004_1743-142912-0027.wav,wav,,D:/Document/SDH/XuLyTinHieuSoNangCao/LibriMix/storage_dir/Libri2Mix\wav8k/min/train-100\s1/3830-12531-0004_1743-142912-0027.wav,wav,,D:/Document/SDH/XuLyTinHieuSoNangCao/LibriMix/storage_dir/Libri2Mix\wav8k/min/train-100\s2/3830-12531-0004_1743-142912-0027.wav,wav,,D:/Document/SDH/XuLyTinHieuSoNangCao/LibriMix/storage_dir/Libri2Mix\wav8k/min/train-100\noise/3830-12531-0004_1743-142912-0027.wav,wav,
41,1.0,D:/Document/SDH/XuLyTinHieuSoNangCao/LibriMix/storage_dir/Libri2Mix\wav8k/min/train-100\mix_clean/3857-182315-0029_3436-172171-0022.wav,wav,,D:/Document/SDH/XuLyTinHieuSoNangCao/LibriMix/storage_dir/Libri2Mix\wav8k/min/train-100\s1/3857-182315-0029_3436-172171-0022.wav,wav,,D:/Document/SDH/XuLyTinHieuSoNangCao/LibriMix/storage_dir/Libri2Mix\wav8k/min/train-100\s2/3857-182315-0029_3436-172171-0022.wav,wav,,D:/Document/SDH/XuLyTinHieuSoNangCao/LibriMix/storage_dir/Libri2Mix\wav8k/min/train-100\noise/3857-182315-0029_3436-172171-0022.wav,wav,
42,1.0,D:/Document/SDH/XuLyTinHieuSoNangCao/LibriMix/storage_dir/Libri2Mix\wav8k/min/train-100\mix_clean/3879-174923-0051_730-358-0039.wav,wav,,D:/Document/SDH/XuLyTinHieuSoNangCao/LibriMix/storage_dir/Libri2Mix\wav8k/min/train-100\s1/3879-174923-0051_730-358-0039.wav,wav,,D:/Document/SDH/XuLyTinHieuSoNangCao/LibriMix/storage_dir/Libri2Mix\wav8k/min/train-100\s2/3879-174923-0051_730-358-0039.wav,wav,,D:/Document/SDH/XuLyTinHieuSoNangCao/LibriMix/storage_dir/Libri2Mix\wav8k/min/train-100\noise/3879-174923-0051_730-358-0039.wav,wav,
43,1.0,D:/Document/SDH/XuLyTinHieuSoNangCao/LibriMix/storage_dir/Libri2Mix\wav8k/min/train-100\mix_clean/39-121916-0007_8419-286667-0028.wav,wav,,D:/Document/SDH/XuLyTinHieuSoNangCao/LibriMix/storage_dir/Libri2Mix\wav8k/min/train-100\s1/39-121916-0007_8419-286667-0028.wav,wav,,D:/Document/SDH/XuLyTinHieuSoNangCao/LibriMix/storage_dir/Libri2Mix\wav8k/min/train-100\s2/39-121916-0007_8419-286667-0028.wav,wav,,D:/Document/SDH/XuLyTinHieuSoNangCao/LibriMix/storage_dir/Libri2Mix\wav8k/min/train-100\noise/39-121916-0007_8419-286667-0028.wav,wav,
44,1.0,D:/Document/SDH/XuLyTinHieuSoNangCao/LibriMix/storage_dir/Libri2Mix\wav8k/min/train-100\mix_clean/3982-178459-0044_2952-408-0022.wav,wav,,D:/Document/SDH/XuLyTinHieuSoNangCao/LibriMix/storage_dir/Libri2Mix\wav8k/min/train-100\s1/3982-178459-0044_2952-408-0022.wav,wav,,D:/Document/SDH/XuLyTinHieuSoNangCao/LibriMix/storage_dir/Libri2Mix\wav8k/min/train-100\s2/3982-178459-0044_2952-408-0022.wav,wav,,D:/Document/SDH/XuLyTinHieuSoNangCao/LibriMix/storage_dir/Libri2Mix\wav8k/min/train-100\noise/3982-178459-0044_2952-408-0022.wav,wav,
45,1.0,D:/Document/SDH/XuLyTinHieuSoNangCao/LibriMix/storage_dir/Libri2Mix\wav8k/min/train-100\mix_clean/403-126855-0014_254-127705-0015.wav,wav,,D:/Document/SDH/XuLyTinHieuSoNangCao/LibriMix/storage_dir/Libri2Mix\wav8k/min/train-100\s1/403-126855-0014_254-127705-0015.wav,wav,,D:/Document/SDH/XuLyTinHieuSoNangCao/LibriMix/storage_dir/Libri2Mix\wav8k/min/train-100\s2/403-126855-0014_254-127705-0015.wav,wav,,D:/Document/SDH/XuLyTinHieuSoNangCao/LibriMix/storage_dir/Libri2Mix\wav8k/min/train-100\noise/403-126855-0014_254-127705-0015.wav,wav,
46,1.0,D:/Document/SDH/XuLyTinHieuSoNangCao/LibriMix/storage_dir/Libri2Mix\wav8k/min/train-100\mix_clean/4088-158077-0020_3607-135982-0002.wav,wav,,D:/Document/SDH/XuLyTinHieuSoNangCao/LibriMix/storage_dir/Libri2Mix\wav8k/min/train-100\s1/4088-158077-0020_3607-135982-0002.wav,wav,,D:/Document/SDH/XuLyTinHieuSoNangCao/LibriMix/storage_dir/Libri2Mix\wav8k/min/train-100\s2/4088-158077-0020_3607-135982-0002.wav,wav,,D:/Document/SDH/XuLyTinHieuSoNangCao/LibriMix/storage_dir/Libri2Mix\wav8k/min/train-100\noise/4088-158077-0020_3607-135982-0002.wav,wav,
47,1.0,D:/Document/SDH/XuLyTinHieuSoNangCao/LibriMix/storage_dir/Libri2Mix\wav8k/min/train-100\mix_clean/4137-11702-0030_1116-137572-0032.wav,wav,,D:/Document/SDH/XuLyTinHieuSoNangCao/LibriMix/storage_dir/Libri2Mix\wav8k/min/train-100\s1/4137-11702-0030_1116-137572-0032.wav,wav,,D:/Document/SDH/XuLyTinHieuSoNangCao/LibriMix/storage_dir/Libri2Mix\wav8k/min/train-100\s2/4137-11702-0030_1116-137572-0032.wav,wav,,D:/Document/SDH/XuLyTinHieuSoNangCao/LibriMix/storage_dir/Libri2Mix\wav8k/min/train-100\noise/4137-11702-0030_1116-137572-0032.wav,wav,
48,1.0,D:/Document/SDH/XuLyTinHieuSoNangCao/LibriMix/storage_dir/Libri2Mix\wav8k/min/train-100\mix_clean/4137-11702-0056_8747-293952-0057.wav,wav,,D:/Document/SDH/XuLyTinHieuSoNangCao/LibriMix/storage_dir/Libri2Mix\wav8k/min/train-100\s1/4137-11702-0056_8747-293952-0057.wav,wav,,D:/Document/SDH/XuLyTinHieuSoNangCao/LibriMix/storage_dir/Libri2Mix\wav8k/min/train-100\s2/4137-11702-0056_8747-293952-0057.wav,wav,,D:/Document/SDH/XuLyTinHieuSoNangCao/LibriMix/storage_dir/Libri2Mix\wav8k/min/train-100\noise/4137-11702-0056_8747-293952-0057.wav,wav,
49,1.0,D:/Document/SDH/XuLyTinHieuSoNangCao/LibriMix/storage_dir/Libri2Mix\wav8k/min/train-100\mix_clean/4195-17507-0025_587-41619-0011.wav,wav,,D:/Document/SDH/XuLyTinHieuSoNangCao/LibriMix/storage_dir/Libri2Mix\wav8k/min/train-100\s1/4195-17507-0025_587-41619-0011.wav,wav,,D:/Document/SDH/XuLyTinHieuSoNangCao/LibriMix/storage_dir/Libri2Mix\wav8k/min/train-100\s2/4195-17507-0025_587-41619-0011.wav,wav,,D:/Document/SDH/XuLyTinHieuSoNangCao/LibriMix/storage_dir/Libri2Mix\wav8k/min/train-100\noise/4195-17507-0025_587-41619-0011.wav,wav,
50,1.0,D:/Document/SDH/XuLyTinHieuSoNangCao/LibriMix/storage_dir/Libri2Mix\wav8k/min/train-100\mix_clean/4214-7146-0020_8088-284756-0063.wav,wav,,D:/Document/SDH/XuLyTinHieuSoNangCao/LibriMix/storage_dir/Libri2Mix\wav8k/min/train-100\s1/4214-7146-0020_8088-284756-0063.wav,wav,,D:/Document/SDH/XuLyTinHieuSoNangCao/LibriMix/storage_dir/Libri2Mix\wav8k/min/train-100\s2/4214-7146-0020_8088-284756-0063.wav,wav,,D:/Document/SDH/XuLyTinHieuSoNangCao/LibriMix/storage_dir/Libri2Mix\wav8k/min/train-100\noise/4214-7146-0020_8088-284756-0063.wav,wav,
51,1.0,D:/Document/SDH/XuLyTinHieuSoNangCao/LibriMix/storage_dir/Libri2Mix\wav8k/min/train-100\mix_clean/4397-15666-0008_2002-139469-0075.wav,wav,,D:/Document/SDH/XuLyTinHieuSoNangCao/LibriMix/storage_dir/Libri2Mix\wav8k/min/train-100\s1/4397-15666-0008_2002-139469-0075.wav,wav,,D:/Document/SDH/XuLyTinHieuSoNangCao/LibriMix/storage_dir/Libri2Mix\wav8k/min/train-100\s2/4397-15666-0008_2002-139469-0075.wav,wav,,D:/Document/SDH/XuLyTinHieuSoNangCao/LibriMix/storage_dir/Libri2Mix\wav8k/min/train-100\noise/4397-15666-0008_2002-139469-0075.wav,wav,
52,1.0,D:/Document/SDH/XuLyTinHieuSoNangCao/LibriMix/storage_dir/Libri2Mix\wav8k/min/train-100\mix_clean/4481-17499-0041_730-358-0005.wav,wav,,D:/Document/SDH/XuLyTinHieuSoNangCao/LibriMix/storage_dir/Libri2Mix\wav8k/min/train-100\s1/4481-17499-0041_730-358-0005.wav,wav,,D:/Document/SDH/XuLyTinHieuSoNangCao/LibriMix/storage_dir/Libri2Mix\wav8k/min/train-100\s2/4481-17499-0041_730-358-0005.wav,wav,,D:/Document/SDH/XuLyTinHieuSoNangCao/LibriMix/storage_dir/Libri2Mix\wav8k/min/train-100\noise/4481-17499-0041_730-358-0005.wav,wav,
53,1.0,D:/Document/SDH/XuLyTinHieuSoNangCao/LibriMix/storage_dir/Libri2Mix\wav8k/min/train-100\mix_clean/458-126305-0011_3526-175658-0020.wav,wav,,D:/Document/SDH/XuLyTinHieuSoNangCao/LibriMix/storage_dir/Libri2Mix\wav8k/min/train-100\s1/458-126305-0011_3526-175658-0020.wav,wav,,D:/Document/SDH/XuLyTinHieuSoNangCao/LibriMix/storage_dir/Libri2Mix\wav8k/min/train-100\s2/458-126305-0011_3526-175658-0020.wav,wav,,D:/Document/SDH/XuLyTinHieuSoNangCao/LibriMix/storage_dir/Libri2Mix\wav8k/min/train-100\noise/458-126305-0011_3526-175658-0020.wav,wav,
54,1.0,D:/Document/SDH/XuLyTinHieuSoNangCao/LibriMix/storage_dir/Libri2Mix\wav8k/min/train-100\mix_clean/460-172359-0076_201-127786-0016.wav,wav,,D:/Document/SDH/XuLyTinHieuSoNangCao/LibriMix/storage_dir/Libri2Mix\wav8k/min/train-100\s1/460-172359-0076_201-127786-0016.wav,wav,,D:/Document/SDH/XuLyTinHieuSoNangCao/LibriMix/storage_dir/Libri2Mix\wav8k/min/train-100\s2/460-172359-0076_201-127786-0016.wav,wav,,D:/Document/SDH/XuLyTinHieuSoNangCao/LibriMix/storage_dir/Libri2Mix\wav8k/min/train-100\noise/460-172359-0076_201-127786-0016.wav,wav,
55,1.0,D:/Document/SDH/XuLyTinHieuSoNangCao/LibriMix/storage_dir/Libri2Mix\wav8k/min/train-100\mix_clean/4640-19189-0042_5688-15787-0016.wav,wav,,D:/Document/SDH/XuLyTinHieuSoNangCao/LibriMix/storage_dir/Libri2Mix\wav8k/min/train-100\s1/4640-19189-0042_5688-15787-0016.wav,wav,,D:/Document/SDH/XuLyTinHieuSoNangCao/LibriMix/storage_dir/Libri2Mix\wav8k/min/train-100\s2/4640-19189-0042_5688-15787-0016.wav,wav,,D:/Document/SDH/XuLyTinHieuSoNangCao/LibriMix/storage_dir/Libri2Mix\wav8k/min/train-100\noise/4640-19189-0042_5688-15787-0016.wav,wav,
56,1.0,D:/Document/SDH/XuLyTinHieuSoNangCao/LibriMix/storage_dir/Libri2Mix\wav8k/min/train-100\mix_clean/4788-91208-0002_669-129061-0009.wav,wav,,D:/Document/SDH/XuLyTinHieuSoNangCao/LibriMix/storage_dir/Libri2Mix\wav8k/min/train-100\s1/4788-91208-0002_669-129061-0009.wav,wav,,D:/Document/SDH/XuLyTinHieuSoNangCao/LibriMix/storage_dir/Libri2Mix\wav8k/min/train-100\s2/4788-91208-0002_669-129061-0009.wav,wav,,D:/Document/SDH/XuLyTinHieuSoNangCao/LibriMix/storage_dir/Libri2Mix\wav8k/min/train-100\noise/4788-91208-0002_669-129061-0009.wav,wav,
57,1.0,D:/Document/SDH/XuLyTinHieuSoNangCao/LibriMix/storage_dir/Libri2Mix\wav8k/min/train-100\mix_clean/5049-25947-0104_7148-7763-0031.wav,wav,,D:/Document/SDH/XuLyTinHieuSoNangCao/LibriMix/storage_dir/Libri2Mix\wav8k/min/train-100\s1/5049-25947-0104_7148-7763-0031.wav,wav,,D:/Document/SDH/XuLyTinHieuSoNangCao/LibriMix/storage_dir/Libri2Mix\wav8k/min/train-100\s2/5049-25947-0104_7148-7763-0031.wav,wav,,D:/Document/SDH/XuLyTinHieuSoNangCao/LibriMix/storage_dir/Libri2Mix\wav8k/min/train-100\noise/5049-25947-0104_7148-7763-0031.wav,wav,
58,1.0,D:/Document/SDH/XuLyTinHieuSoNangCao/LibriMix/storage_dir/Libri2Mix\wav8k/min/train-100\mix_clean/5163-18515-0011_3440-171006-0012.wav,wav,,D:/Document/SDH/XuLyTinHieuSoNangCao/LibriMix/storage_dir/Libri2Mix\wav8k/min/train-100\s1/5163-18515-0011_3440-171006-0012.wav,wav,,D:/Document/SDH/XuLyTinHieuSoNangCao/LibriMix/storage_dir/Libri2Mix\wav8k/min/train-100\s2/5163-18515-0011_3440-171006-0012.wav,wav,,D:/Document/SDH/XuLyTinHieuSoNangCao/LibriMix/storage_dir/Libri2Mix\wav8k/min/train-100\noise/5163-18515-0011_3440-171006-0012.wav,wav,
59,1.0,D:/Document/SDH/XuLyTinHieuSoNangCao/LibriMix/storage_dir/Libri2Mix\wav8k/min/train-100\mix_clean/5322-7680-0003_1088-134315-0025.wav,wav,,D:/Document/SDH/XuLyTinHieuSoNangCao/LibriMix/storage_dir/Libri2Mix\wav8k/min/train-100\s1/5322-7680-0003_1088-134315-0025.wav,wav,,D:/Document/SDH/XuLyTinHieuSoNangCao/LibriMix/storage_dir/Libri2Mix\wav8k/min/train-100\s2/5322-7680-0003_1088-134315-0025.wav,wav,,D:/Document/SDH/XuLyTinHieuSoNangCao/LibriMix/storage_dir/Libri2Mix\wav8k/min/train-100\noise/5322-7680-0003_1088-134315-0025.wav,wav,
60,1.0,D:/Document/SDH/XuLyTinHieuSoNangCao/LibriMix/storage_dir/Libri2Mix\wav8k/min/train-100\mix_clean/5393-19218-0000_198-126831-0007.wav,wav,,D:/Document/SDH/XuLyTinHieuSoNangCao/LibriMix/storage_dir/Libri2Mix\wav8k/min/train-100\s1/5393-19218-0000_198-126831-0007.wav,wav,,D:/Document/SDH/XuLyTinHieuSoNangCao/LibriMix/storage_dir/Libri2Mix\wav8k/min/train-100\s2/5393-19218-0000_198-126831-0007.wav,wav,,D:/Document/SDH/XuLyTinHieuSoNangCao/LibriMix/storage_dir/Libri2Mix\wav8k/min/train-100\noise/5393-19218-0000_198-126831-0007.wav,wav,
61,1.0,D:/Document/SDH/XuLyTinHieuSoNangCao/LibriMix/storage_dir/Libri2Mix\wav8k/min/train-100\mix_clean/5678-43302-0034_5688-41232-0030.wav,wav,,D:/Document/SDH/XuLyTinHieuSoNangCao/LibriMix/storage_dir/Libri2Mix\wav8k/min/train-100\s1/5678-43302-0034_5688-41232-0030.wav,wav,,D:/Document/SDH/XuLyTinHieuSoNangCao/LibriMix/storage_dir/Libri2Mix\wav8k/min/train-100\s2/5678-43302-0034_5688-41232-0030.wav,wav,,D:/Document/SDH/XuLyTinHieuSoNangCao/LibriMix/storage_dir/Libri2Mix\wav8k/min/train-100\noise/5678-43302-0034_5688-41232-0030.wav,wav,
62,1.0,D:/Document/SDH/XuLyTinHieuSoNangCao/LibriMix/storage_dir/Libri2Mix\wav8k/min/train-100\mix_clean/5703-47198-0006_2952-410-0018.wav,wav,,D:/Document/SDH/XuLyTinHieuSoNangCao/LibriMix/storage_dir/Libri2Mix\wav8k/min/train-100\s1/5703-47198-0006_2952-410-0018.wav,wav,,D:/Document/SDH/XuLyTinHieuSoNangCao/LibriMix/storage_dir/Libri2Mix\wav8k/min/train-100\s2/5703-47198-0006_2952-410-0018.wav,wav,,D:/Document/SDH/XuLyTinHieuSoNangCao/LibriMix/storage_dir/Libri2Mix\wav8k/min/train-100\noise/5703-47198-0006_2952-410-0018.wav,wav,
63,1.0,D:/Document/SDH/XuLyTinHieuSoNangCao/LibriMix/storage_dir/Libri2Mix\wav8k/min/train-100\mix_clean/5789-57158-0024_5393-19219-0017.wav,wav,,D:/Document/SDH/XuLyTinHieuSoNangCao/LibriMix/storage_dir/Libri2Mix\wav8k/min/train-100\s1/5789-57158-0024_5393-19219-0017.wav,wav,,D:/Document/SDH/XuLyTinHieuSoNangCao/LibriMix/storage_dir/Libri2Mix\wav8k/min/train-100\s2/5789-57158-0024_5393-19219-0017.wav,wav,,D:/Document/SDH/XuLyTinHieuSoNangCao/LibriMix/storage_dir/Libri2Mix\wav8k/min/train-100\noise/5789-57158-0024_5393-19219-0017.wav,wav,
64,1.0,D:/Document/SDH/XuLyTinHieuSoNangCao/LibriMix/storage_dir/Libri2Mix\wav8k/min/train-100\mix_clean/5789-57195-0025_83-3054-0014.wav,wav,,D:/Document/SDH/XuLyTinHieuSoNangCao/LibriMix/storage_dir/Libri2Mix\wav8k/min/train-100\s1/5789-57195-0025_83-3054-0014.wav,wav,,D:/Document/SDH/XuLyTinHieuSoNangCao/LibriMix/storage_dir/Libri2Mix\wav8k/min/train-100\s2/5789-57195-0025_83-3054-0014.wav,wav,,D:/Document/SDH/XuLyTinHieuSoNangCao/LibriMix/storage_dir/Libri2Mix\wav8k/min/train-100\noise/5789-57195-0025_83-3054-0014.wav,wav,
65,1.0,D:/Document/SDH/XuLyTinHieuSoNangCao/LibriMix/storage_dir/Libri2Mix\wav8k/min/train-100\mix_clean/5789-70653-0008_6848-252322-0014.wav,wav,,D:/Document/SDH/XuLyTinHieuSoNangCao/LibriMix/storage_dir/Libri2Mix\wav8k/min/train-100\s1/5789-70653-0008_6848-252322-0014.wav,wav,,D:/Document/SDH/XuLyTinHieuSoNangCao/LibriMix/storage_dir/Libri2Mix\wav8k/min/train-100\s2/5789-70653-0008_6848-252322-0014.wav,wav,,D:/Document/SDH/XuLyTinHieuSoNangCao/LibriMix/storage_dir/Libri2Mix\wav8k/min/train-100\noise/5789-70653-0008_6848-252322-0014.wav,wav,
66,1.0,D:/Document/SDH/XuLyTinHieuSoNangCao/LibriMix/storage_dir/Libri2Mix\wav8k/min/train-100\mix_clean/5808-48608-0016_8088-284756-0096.wav,wav,,D:/Document/SDH/XuLyTinHieuSoNangCao/LibriMix/storage_dir/Libri2Mix\wav8k/min/train-100\s1/5808-48608-0016_8088-284756-0096.wav,wav,,D:/Document/SDH/XuLyTinHieuSoNangCao/LibriMix/storage_dir/Libri2Mix\wav8k/min/train-100\s2/5808-48608-0016_8088-284756-0096.wav,wav,,D:/Document/SDH/XuLyTinHieuSoNangCao/LibriMix/storage_dir/Libri2Mix\wav8k/min/train-100\noise/5808-48608-0016_8088-284756-0096.wav,wav,
67,1.0,D:/Document/SDH/XuLyTinHieuSoNangCao/LibriMix/storage_dir/Libri2Mix\wav8k/min/train-100\mix_clean/60-121082-0043_118-47824-0015.wav,wav,,D:/Document/SDH/XuLyTinHieuSoNangCao/LibriMix/storage_dir/Libri2Mix\wav8k/min/train-100\s1/60-121082-0043_118-47824-0015.wav,wav,,D:/Document/SDH/XuLyTinHieuSoNangCao/LibriMix/storage_dir/Libri2Mix\wav8k/min/train-100\s2/60-121082-0043_118-47824-0015.wav,wav,,D:/Document/SDH/XuLyTinHieuSoNangCao/LibriMix/storage_dir/Libri2Mix\wav8k/min/train-100\noise/60-121082-0043_118-47824-0015.wav,wav,
68,1.0,D:/Document/SDH/XuLyTinHieuSoNangCao/LibriMix/storage_dir/Libri2Mix\wav8k/min/train-100\mix_clean/6019-3185-0019_2136-5140-0001.wav,wav,,D:/Document/SDH/XuLyTinHieuSoNangCao/LibriMix/storage_dir/Libri2Mix\wav8k/min/train-100\s1/6019-3185-0019_2136-5140-0001.wav,wav,,D:/Document/SDH/XuLyTinHieuSoNangCao/LibriMix/storage_dir/Libri2Mix\wav8k/min/train-100\s2/6019-3185-0019_2136-5140-0001.wav,wav,,D:/Document/SDH/XuLyTinHieuSoNangCao/LibriMix/storage_dir/Libri2Mix\wav8k/min/train-100\noise/6019-3185-0019_2136-5140-0001.wav,wav,
69,1.0,D:/Document/SDH/XuLyTinHieuSoNangCao/LibriMix/storage_dir/Libri2Mix\wav8k/min/train-100\mix_clean/6064-300880-0023_6272-70191-0022.wav,wav,,D:/Document/SDH/XuLyTinHieuSoNangCao/LibriMix/storage_dir/Libri2Mix\wav8k/min/train-100\s1/6064-300880-0023_6272-70191-0022.wav,wav,,D:/Document/SDH/XuLyTinHieuSoNangCao/LibriMix/storage_dir/Libri2Mix\wav8k/min/train-100\s2/6064-300880-0023_6272-70191-0022.wav,wav,,D:/Document/SDH/XuLyTinHieuSoNangCao/LibriMix/storage_dir/Libri2Mix\wav8k/min/train-100\noise/6064-300880-0023_6272-70191-0022.wav,wav,
70,1.0,D:/Document/SDH/XuLyTinHieuSoNangCao/LibriMix/storage_dir/Libri2Mix\wav8k/min/train-100\mix_clean/6081-41998-0031_2817-142380-0005.wav,wav,,D:/Document/SDH/XuLyTinHieuSoNangCao/LibriMix/storage_dir/Libri2Mix\wav8k/min/train-100\s1/6081-41998-0031_2817-142380-0005.wav,wav,,D:/Document/SDH/XuLyTinHieuSoNangCao/LibriMix/storage_dir/Libri2Mix\wav8k/min/train-100\s2/6081-41998-0031_2817-142380-0005.wav,wav,,D:/Document/SDH/XuLyTinHieuSoNangCao/LibriMix/storage_dir/Libri2Mix\wav8k/min/train-100\noise/6081-41998-0031_2817-142380-0005.wav,wav,
71,1.0,D:/Document/SDH/XuLyTinHieuSoNangCao/LibriMix/storage_dir/Libri2Mix\wav8k/min/train-100\mix_clean/6181-216552-0058_8609-283227-0032.wav,wav,,D:/Document/SDH/XuLyTinHieuSoNangCao/LibriMix/storage_dir/Libri2Mix\wav8k/min/train-100\s1/6181-216552-0058_8609-283227-0032.wav,wav,,D:/Document/SDH/XuLyTinHieuSoNangCao/LibriMix/storage_dir/Libri2Mix\wav8k/min/train-100\s2/6181-216552-0058_8609-283227-0032.wav,wav,,D:/Document/SDH/XuLyTinHieuSoNangCao/LibriMix/storage_dir/Libri2Mix\wav8k/min/train-100\noise/6181-216552-0058_8609-283227-0032.wav,wav,
72,1.0,D:/Document/SDH/XuLyTinHieuSoNangCao/LibriMix/storage_dir/Libri2Mix\wav8k/min/train-100\mix_clean/6367-74004-0027_5750-100289-0045.wav,wav,,D:/Document/SDH/XuLyTinHieuSoNangCao/LibriMix/storage_dir/Libri2Mix\wav8k/min/train-100\s1/6367-74004-0027_5750-100289-0045.wav,wav,,D:/Document/SDH/XuLyTinHieuSoNangCao/LibriMix/storage_dir/Libri2Mix\wav8k/min/train-100\s2/6367-74004-0027_5750-100289-0045.wav,wav,,D:/Document/SDH/XuLyTinHieuSoNangCao/LibriMix/storage_dir/Libri2Mix\wav8k/min/train-100\noise/6367-74004-0027_5750-100289-0045.wav,wav,
73,1.0,D:/Document/SDH/XuLyTinHieuSoNangCao/LibriMix/storage_dir/Libri2Mix\wav8k/min/train-100\mix_clean/6529-62554-0029_7078-271888-0058.wav,wav,,D:/Document/SDH/XuLyTinHieuSoNangCao/LibriMix/storage_dir/Libri2Mix\wav8k/min/train-100\s1/6529-62554-0029_7078-271888-0058.wav,wav,,D:/Document/SDH/XuLyTinHieuSoNangCao/LibriMix/storage_dir/Libri2Mix\wav8k/min/train-100\s2/6529-62554-0029_7078-271888-0058.wav,wav,,D:/Document/SDH/XuLyTinHieuSoNangCao/LibriMix/storage_dir/Libri2Mix\wav8k/min/train-100\noise/6529-62554-0029_7078-271888-0058.wav,wav,
74,1.0,D:/Document/SDH/XuLyTinHieuSoNangCao/LibriMix/storage_dir/Libri2Mix\wav8k/min/train-100\mix_clean/6818-76332-0000_5456-62014-0008.wav,wav,,D:/Document/SDH/XuLyTinHieuSoNangCao/LibriMix/storage_dir/Libri2Mix\wav8k/min/train-100\s1/6818-76332-0000_5456-62014-0008.wav,wav,,D:/Document/SDH/XuLyTinHieuSoNangCao/LibriMix/storage_dir/Libri2Mix\wav8k/min/train-100\s2/6818-76332-0000_5456-62014-0008.wav,wav,,D:/Document/SDH/XuLyTinHieuSoNangCao/LibriMix/storage_dir/Libri2Mix\wav8k/min/train-100\noise/6818-76332-0000_5456-62014-0008.wav,wav,
75,1.0,D:/Document/SDH/XuLyTinHieuSoNangCao/LibriMix/storage_dir/Libri2Mix\wav8k/min/train-100\mix_clean/6818-76332-0041_7402-59171-0030.wav,wav,,D:/Document/SDH/XuLyTinHieuSoNangCao/LibriMix/storage_dir/Libri2Mix\wav8k/min/train-100\s1/6818-76332-0041_7402-59171-0030.wav,wav,,D:/Document/SDH/XuLyTinHieuSoNangCao/LibriMix/storage_dir/Libri2Mix\wav8k/min/train-100\s2/6818-76332-0041_7402-59171-0030.wav,wav,,D:/Document/SDH/XuLyTinHieuSoNangCao/LibriMix/storage_dir/Libri2Mix\wav8k/min/train-100\noise/6818-76332-0041_7402-59171-0030.wav,wav,
76,1.0,D:/Document/SDH/XuLyTinHieuSoNangCao/LibriMix/storage_dir/Libri2Mix\wav8k/min/train-100\mix_clean/6836-61803-0019_5393-19219-0046.wav,wav,,D:/Document/SDH/XuLyTinHieuSoNangCao/LibriMix/storage_dir/Libri2Mix\wav8k/min/train-100\s1/6836-61803-0019_5393-19219-0046.wav,wav,,D:/Document/SDH/XuLyTinHieuSoNangCao/LibriMix/storage_dir/Libri2Mix\wav8k/min/train-100\s2/6836-61803-0019_5393-19219-0046.wav,wav,,D:/Document/SDH/XuLyTinHieuSoNangCao/LibriMix/storage_dir/Libri2Mix\wav8k/min/train-100\noise/6836-61803-0019_5393-19219-0046.wav,wav,
77,1.0,D:/Document/SDH/XuLyTinHieuSoNangCao/LibriMix/storage_dir/Libri2Mix\wav8k/min/train-100\mix_clean/7059-77897-0026_6064-56165-0016.wav,wav,,D:/Document/SDH/XuLyTinHieuSoNangCao/LibriMix/storage_dir/Libri2Mix\wav8k/min/train-100\s1/7059-77897-0026_6064-56165-0016.wav,wav,,D:/Document/SDH/XuLyTinHieuSoNangCao/LibriMix/storage_dir/Libri2Mix\wav8k/min/train-100\s2/7059-77897-0026_6064-56165-0016.wav,wav,,D:/Document/SDH/XuLyTinHieuSoNangCao/LibriMix/storage_dir/Libri2Mix\wav8k/min/train-100\noise/7059-77897-0026_6064-56165-0016.wav,wav,
78,1.0,D:/Document/SDH/XuLyTinHieuSoNangCao/LibriMix/storage_dir/Libri2Mix\wav8k/min/train-100\mix_clean/7078-271888-0101_6848-76049-0010.wav,wav,,D:/Document/SDH/XuLyTinHieuSoNangCao/LibriMix/storage_dir/Libri2Mix\wav8k/min/train-100\s1/7078-271888-0101_6848-76049-0010.wav,wav,,D:/Document/SDH/XuLyTinHieuSoNangCao/LibriMix/storage_dir/Libri2Mix\wav8k/min/train-100\s2/7078-271888-0101_6848-76049-0010.wav,wav,,D:/Document/SDH/XuLyTinHieuSoNangCao/LibriMix/storage_dir/Libri2Mix\wav8k/min/train-100\noise/7078-271888-0101_6848-76049-0010.wav,wav,
79,1.0,D:/Document/SDH/XuLyTinHieuSoNangCao/LibriMix/storage_dir/Libri2Mix\wav8k/min/train-100\mix_clean/7148-7763-0032_7800-283493-0007.wav,wav,,D:/Document/SDH/XuLyTinHieuSoNangCao/LibriMix/storage_dir/Libri2Mix\wav8k/min/train-100\s1/7148-7763-0032_7800-283493-0007.wav,wav,,D:/Document/SDH/XuLyTinHieuSoNangCao/LibriMix/storage_dir/Libri2Mix\wav8k/min/train-100\s2/7148-7763-0032_7800-283493-0007.wav,wav,,D:/Document/SDH/XuLyTinHieuSoNangCao/LibriMix/storage_dir/Libri2Mix\wav8k/min/train-100\noise/7148-7763-0032_7800-283493-0007.wav,wav,
80,1.0,D:/Document/SDH/XuLyTinHieuSoNangCao/LibriMix/storage_dir/Libri2Mix\wav8k/min/train-100\mix_clean/7190-90542-0083_8095-274346-0003.wav,wav,,D:/Document/SDH/XuLyTinHieuSoNangCao/LibriMix/storage_dir/Libri2Mix\wav8k/min/train-100\s1/7190-90542-0083_8095-274346-0003.wav,wav,,D:/Document/SDH/XuLyTinHieuSoNangCao/LibriMix/storage_dir/Libri2Mix\wav8k/min/train-100\s2/7190-90542-0083_8095-274346-0003.wav,wav,,D:/Document/SDH/XuLyTinHieuSoNangCao/LibriMix/storage_dir/Libri2Mix\wav8k/min/train-100\noise/7190-90542-0083_8095-274346-0003.wav,wav,
81,1.0,D:/Document/SDH/XuLyTinHieuSoNangCao/LibriMix/storage_dir/Libri2Mix\wav8k/min/train-100\mix_clean/7190-90543-0021_4898-28461-0014.wav,wav,,D:/Document/SDH/XuLyTinHieuSoNangCao/LibriMix/storage_dir/Libri2Mix\wav8k/min/train-100\s1/7190-90543-0021_4898-28461-0014.wav,wav,,D:/Document/SDH/XuLyTinHieuSoNangCao/LibriMix/storage_dir/Libri2Mix\wav8k/min/train-100\s2/7190-90543-0021_4898-28461-0014.wav,wav,,D:/Document/SDH/XuLyTinHieuSoNangCao/LibriMix/storage_dir/Libri2Mix\wav8k/min/train-100\noise/7190-90543-0021_4898-28461-0014.wav,wav,
82,1.0,D:/Document/SDH/XuLyTinHieuSoNangCao/LibriMix/storage_dir/Libri2Mix\wav8k/min/train-100\mix_clean/730-359-0028_78-368-0034.wav,wav,,D:/Document/SDH/XuLyTinHieuSoNangCao/LibriMix/storage_dir/Libri2Mix\wav8k/min/train-100\s1/730-359-0028_78-368-0034.wav,wav,,D:/Document/SDH/XuLyTinHieuSoNangCao/LibriMix/storage_dir/Libri2Mix\wav8k/min/train-100\s2/730-359-0028_78-368-0034.wav,wav,,D:/Document/SDH/XuLyTinHieuSoNangCao/LibriMix/storage_dir/Libri2Mix\wav8k/min/train-100\noise/730-359-0028_78-368-0034.wav,wav,
83,1.0,D:/Document/SDH/XuLyTinHieuSoNangCao/LibriMix/storage_dir/Libri2Mix\wav8k/min/train-100\mix_clean/7367-86737-0065_1034-121119-0060.wav,wav,,D:/Document/SDH/XuLyTinHieuSoNangCao/LibriMix/storage_dir/Libri2Mix\wav8k/min/train-100\s1/7367-86737-0065_1034-121119-0060.wav,wav,,D:/Document/SDH/XuLyTinHieuSoNangCao/LibriMix/storage_dir/Libri2Mix\wav8k/min/train-100\s2/7367-86737-0065_1034-121119-0060.wav,wav,,D:/Document/SDH/XuLyTinHieuSoNangCao/LibriMix/storage_dir/Libri2Mix\wav8k/min/train-100\noise/7367-86737-0065_1034-121119-0060.wav,wav,
84,1.0,D:/Document/SDH/XuLyTinHieuSoNangCao/LibriMix/storage_dir/Libri2Mix\wav8k/min/train-100\mix_clean/7505-258964-0027_6476-57446-0014.wav,wav,,D:/Document/SDH/XuLyTinHieuSoNangCao/LibriMix/storage_dir/Libri2Mix\wav8k/min/train-100\s1/7505-258964-0027_6476-57446-0014.wav,wav,,D:/Document/SDH/XuLyTinHieuSoNangCao/LibriMix/storage_dir/Libri2Mix\wav8k/min/train-100\s2/7505-258964-0027_6476-57446-0014.wav,wav,,D:/Document/SDH/XuLyTinHieuSoNangCao/LibriMix/storage_dir/Libri2Mix\wav8k/min/train-100\noise/7505-258964-0027_6476-57446-0014.wav,wav,
85,1.0,D:/Document/SDH/XuLyTinHieuSoNangCao/LibriMix/storage_dir/Libri2Mix\wav8k/min/train-100\mix_clean/7511-102420-0014_8629-261139-0063.wav,wav,,D:/Document/SDH/XuLyTinHieuSoNangCao/LibriMix/storage_dir/Libri2Mix\wav8k/min/train-100\s1/7511-102420-0014_8629-261139-0063.wav,wav,,D:/Document/SDH/XuLyTinHieuSoNangCao/LibriMix/storage_dir/Libri2Mix\wav8k/min/train-100\s2/7511-102420-0014_8629-261139-0063.wav,wav,,D:/Document/SDH/XuLyTinHieuSoNangCao/LibriMix/storage_dir/Libri2Mix\wav8k/min/train-100\noise/7511-102420-0014_8629-261139-0063.wav,wav,
86,1.0,D:/Document/SDH/XuLyTinHieuSoNangCao/LibriMix/storage_dir/Libri2Mix\wav8k/min/train-100\mix_clean/7794-295947-0029_1578-6379-0023.wav,wav,,D:/Document/SDH/XuLyTinHieuSoNangCao/LibriMix/storage_dir/Libri2Mix\wav8k/min/train-100\s1/7794-295947-0029_1578-6379-0023.wav,wav,,D:/Document/SDH/XuLyTinHieuSoNangCao/LibriMix/storage_dir/Libri2Mix\wav8k/min/train-100\s2/7794-295947-0029_1578-6379-0023.wav,wav,,D:/Document/SDH/XuLyTinHieuSoNangCao/LibriMix/storage_dir/Libri2Mix\wav8k/min/train-100\noise/7794-295947-0029_1578-6379-0023.wav,wav,
87,1.0,D:/Document/SDH/XuLyTinHieuSoNangCao/LibriMix/storage_dir/Libri2Mix\wav8k/min/train-100\mix_clean/78-368-0001_839-130898-0069.wav,wav,,D:/Document/SDH/XuLyTinHieuSoNangCao/LibriMix/storage_dir/Libri2Mix\wav8k/min/train-100\s1/78-368-0001_839-130898-0069.wav,wav,,D:/Document/SDH/XuLyTinHieuSoNangCao/LibriMix/storage_dir/Libri2Mix\wav8k/min/train-100\s2/78-368-0001_839-130898-0069.wav,wav,,D:/Document/SDH/XuLyTinHieuSoNangCao/LibriMix/storage_dir/Libri2Mix\wav8k/min/train-100\noise/78-368-0001_839-130898-0069.wav,wav,
88,1.0,D:/Document/SDH/XuLyTinHieuSoNangCao/LibriMix/storage_dir/Libri2Mix\wav8k/min/train-100\mix_clean/7800-283478-0012_8063-274116-0032.wav,wav,,D:/Document/SDH/XuLyTinHieuSoNangCao/LibriMix/storage_dir/Libri2Mix\wav8k/min/train-100\s1/7800-283478-0012_8063-274116-0032.wav,wav,,D:/Document/SDH/XuLyTinHieuSoNangCao/LibriMix/storage_dir/Libri2Mix\wav8k/min/train-100\s2/7800-283478-0012_8063-274116-0032.wav,wav,,D:/Document/SDH/XuLyTinHieuSoNangCao/LibriMix/storage_dir/Libri2Mix\wav8k/min/train-100\noise/7800-283478-0012_8063-274116-0032.wav,wav,
89,1.0,D:/Document/SDH/XuLyTinHieuSoNangCao/LibriMix/storage_dir/Libri2Mix\wav8k/min/train-100\mix_clean/7800-283478-0021_8051-118101-0009.wav,wav,,D:/Document/SDH/XuLyTinHieuSoNangCao/LibriMix/storage_dir/Libri2Mix\wav8k/min/train-100\s1/7800-283478-0021_8051-118101-0009.wav,wav,,D:/Document/SDH/XuLyTinHieuSoNangCao/LibriMix/storage_dir/Libri2Mix\wav8k/min/train-100\s2/7800-283478-0021_8051-118101-0009.wav,wav,,D:/Document/SDH/XuLyTinHieuSoNangCao/LibriMix/storage_dir/Libri2Mix\wav8k/min/train-100\noise/7800-283478-0021_8051-118101-0009.wav,wav,
90,1.0,D:/Document/SDH/XuLyTinHieuSoNangCao/LibriMix/storage_dir/Libri2Mix\wav8k/min/train-100\mix_clean/8051-295385-0029_1898-145724-0028.wav,wav,,D:/Document/SDH/XuLyTinHieuSoNangCao/LibriMix/storage_dir/Libri2Mix\wav8k/min/train-100\s1/8051-295385-0029_1898-145724-0028.wav,wav,,D:/Document/SDH/XuLyTinHieuSoNangCao/LibriMix/storage_dir/Libri2Mix\wav8k/min/train-100\s2/8051-295385-0029_1898-145724-0028.wav,wav,,D:/Document/SDH/XuLyTinHieuSoNangCao/LibriMix/storage_dir/Libri2Mix\wav8k/min/train-100\noise/8051-295385-0029_1898-145724-0028.wav,wav,
91,1.0,D:/Document/SDH/XuLyTinHieuSoNangCao/LibriMix/storage_dir/Libri2Mix\wav8k/min/train-100\mix_clean/831-130746-0002_1235-135884-0012.wav,wav,,D:/Document/SDH/XuLyTinHieuSoNangCao/LibriMix/storage_dir/Libri2Mix\wav8k/min/train-100\s1/831-130746-0002_1235-135884-0012.wav,wav,,D:/Document/SDH/XuLyTinHieuSoNangCao/LibriMix/storage_dir/Libri2Mix\wav8k/min/train-100\s2/831-130746-0002_1235-135884-0012.wav,wav,,D:/Document/SDH/XuLyTinHieuSoNangCao/LibriMix/storage_dir/Libri2Mix\wav8k/min/train-100\noise/831-130746-0002_1235-135884-0012.wav,wav,
92,1.0,D:/Document/SDH/XuLyTinHieuSoNangCao/LibriMix/storage_dir/Libri2Mix\wav8k/min/train-100\mix_clean/8312-279790-0014_4297-13006-0009.wav,wav,,D:/Document/SDH/XuLyTinHieuSoNangCao/LibriMix/storage_dir/Libri2Mix\wav8k/min/train-100\s1/8312-279790-0014_4297-13006-0009.wav,wav,,D:/Document/SDH/XuLyTinHieuSoNangCao/LibriMix/storage_dir/Libri2Mix\wav8k/min/train-100\s2/8312-279790-0014_4297-13006-0009.wav,wav,,D:/Document/SDH/XuLyTinHieuSoNangCao/LibriMix/storage_dir/Libri2Mix\wav8k/min/train-100\noise/8312-279790-0014_4297-13006-0009.wav,wav,
93,1.0,D:/Document/SDH/XuLyTinHieuSoNangCao/LibriMix/storage_dir/Libri2Mix\wav8k/min/train-100\mix_clean/8419-286667-0022_6818-76332-0014.wav,wav,,D:/Document/SDH/XuLyTinHieuSoNangCao/LibriMix/storage_dir/Libri2Mix\wav8k/min/train-100\s1/8419-286667-0022_6818-76332-0014.wav,wav,,D:/Document/SDH/XuLyTinHieuSoNangCao/LibriMix/storage_dir/Libri2Mix\wav8k/min/train-100\s2/8419-286667-0022_6818-76332-0014.wav,wav,,D:/Document/SDH/XuLyTinHieuSoNangCao/LibriMix/storage_dir/Libri2Mix\wav8k/min/train-100\noise/8419-286667-0022_6818-76332-0014.wav,wav,
94,1.0,D:/Document/SDH/XuLyTinHieuSoNangCao/LibriMix/storage_dir/Libri2Mix\wav8k/min/train-100\mix_clean/8419-286667-0024_6147-34606-0005.wav,wav,,D:/Document/SDH/XuLyTinHieuSoNangCao/LibriMix/storage_dir/Libri2Mix\wav8k/min/train-100\s1/8419-286667-0024_6147-34606-0005.wav,wav,,D:/Document/SDH/XuLyTinHieuSoNangCao/LibriMix/storage_dir/Libri2Mix\wav8k/min/train-100\s2/8419-286667-0024_6147-34606-0005.wav,wav,,D:/Document/SDH/XuLyTinHieuSoNangCao/LibriMix/storage_dir/Libri2Mix\wav8k/min/train-100\noise/8419-286667-0024_6147-34606-0005.wav,wav,
95,1.0,D:/Document/SDH/XuLyTinHieuSoNangCao/LibriMix/storage_dir/Libri2Mix\wav8k/min/train-100\mix_clean/8425-291444-0008_5678-43302-0008.wav,wav,,D:/Document/SDH/XuLyTinHieuSoNangCao/LibriMix/storage_dir/Libri2Mix\wav8k/min/train-100\s1/8425-291444-0008_5678-43302-0008.wav,wav,,D:/Document/SDH/XuLyTinHieuSoNangCao/LibriMix/storage_dir/Libri2Mix\wav8k/min/train-100\s2/8425-291444-0008_5678-43302-0008.wav,wav,,D:/Document/SDH/XuLyTinHieuSoNangCao/LibriMix/storage_dir/Libri2Mix\wav8k/min/train-100\noise/8425-291444-0008_5678-43302-0008.wav,wav,
96,1.0,D:/Document/SDH/XuLyTinHieuSoNangCao/LibriMix/storage_dir/Libri2Mix\wav8k/min/train-100\mix_clean/8629-261139-0003_8014-112602-0002.wav,wav,,D:/Document/SDH/XuLyTinHieuSoNangCao/LibriMix/storage_dir/Libri2Mix\wav8k/min/train-100\s1/8629-261139-0003_8014-112602-0002.wav,wav,,D:/Document/SDH/XuLyTinHieuSoNangCao/LibriMix/storage_dir/Libri2Mix\wav8k/min/train-100\s2/8629-261139-0003_8014-112602-0002.wav,wav,,D:/Document/SDH/XuLyTinHieuSoNangCao/LibriMix/storage_dir/Libri2Mix\wav8k/min/train-100\noise/8629-261139-0003_8014-112602-0002.wav,wav,
97,1.0,D:/Document/SDH/XuLyTinHieuSoNangCao/LibriMix/storage_dir/Libri2Mix\wav8k/min/train-100\mix_clean/887-123291-0039_5703-47198-0021.wav,wav,,D:/Document/SDH/XuLyTinHieuSoNangCao/LibriMix/storage_dir/Libri2Mix\wav8k/min/train-100\s1/887-123291-0039_5703-47198-0021.wav,wav,,D:/Document/SDH/XuLyTinHieuSoNangCao/LibriMix/storage_dir/Libri2Mix\wav8k/min/train-100\s2/887-123291-0039_5703-47198-0021.wav,wav,,D:/Document/SDH/XuLyTinHieuSoNangCao/LibriMix/storage_dir/Libri2Mix\wav8k/min/train-100\noise/887-123291-0039_5703-47198-0021.wav,wav,
98,1.0,D:/Document/SDH/XuLyTinHieuSoNangCao/LibriMix/storage_dir/Libri2Mix\wav8k/min/train-100\mix_clean/8975-270782-0071_5456-58161-0028.wav,wav,,D:/Document/SDH/XuLyTinHieuSoNangCao/LibriMix/storage_dir/Libri2Mix\wav8k/min/train-100\s1/8975-270782-0071_5456-58161-0028.wav,wav,,D:/Document/SDH/XuLyTinHieuSoNangCao/LibriMix/storage_dir/Libri2Mix\wav8k/min/train-100\s2/8975-270782-0071_5456-58161-0028.wav,wav,,D:/Document/SDH/XuLyTinHieuSoNangCao/LibriMix/storage_dir/Libri2Mix\wav8k/min/train-100\noise/8975-270782-0071_5456-58161-0028.wav,wav,
99,1.0,D:/Document/SDH/XuLyTinHieuSoNangCao/LibriMix/storage_dir/Libri2Mix\wav8k/min/train-100\mix_clean/8975-270782-0091_2514-149482-0017.wav,wav,,D:/Document/SDH/XuLyTinHieuSoNangCao/LibriMix/storage_dir/Libri2Mix\wav8k/min/train-100\s1/8975-270782-0091_2514-149482-0017.wav,wav,,D:/Document/SDH/XuLyTinHieuSoNangCao/LibriMix/storage_dir/Libri2Mix\wav8k/min/train-100\s2/8975-270782-0091_2514-149482-0017.wav,wav,,D:/Document/SDH/XuLyTinHieuSoNangCao/LibriMix/storage_dir/Libri2Mix\wav8k/min/train-100\noise/8975-270782-0091_2514-149482-0017.wav,wav,
